"Collector","PathTemplate","NormalizedUri","Method","Command","ApiVersion","ApiReferenceLink","MatchState"
"Get-AccessReviewData.ps1","/identityGovernance/accessReviews/definitions","/identityGovernance/accessReviews/definitions","GET","Get-MgBetaIdentityGovernanceAccessReviewDefinition","beta","https://learn.microsoft.com/graph/api/accessreviewset-list-definitions?view=graph-rest-beta","Matched"
"Get-AccessReviewData.ps1","/identityGovernance/accessReviews/definitions","/identityGovernance/accessReviews/definitions","GET","Get-MgIdentityGovernanceAccessReviewDefinition","v1.0","https://learn.microsoft.com/graph/api/accessreviewset-list-definitions?view=graph-rest-1.0","Matched"
"Get-AccessReviewData.ps1","/identityGovernance/accessReviews/definitions","/identityGovernance/accessReviews/definitions","POST","New-MgBetaIdentityGovernanceAccessReviewDefinition","beta","https://learn.microsoft.com/graph/api/accessreviewset-post-definitions?view=graph-rest-beta","Matched"
"Get-AccessReviewData.ps1","/identityGovernance/accessReviews/definitions","/identityGovernance/accessReviews/definitions","POST","New-MgIdentityGovernanceAccessReviewDefinition","v1.0","https://learn.microsoft.com/graph/api/accessreviewset-post-definitions?view=graph-rest-1.0","Matched"
"Get-AccessReviewData.ps1","/identityGovernance/accessReviews/definitions/$defId/instances","/identityGovernance/accessReviews/definitions/{id}/instances","GET","Get-MgBetaIdentityGovernanceAccessReviewDefinitionInstance","beta","https://learn.microsoft.com/graph/api/accessreviewscheduledefinition-list-instances?view=graph-rest-beta","Matched"
"Get-AccessReviewData.ps1","/identityGovernance/accessReviews/definitions/$defId/instances","/identityGovernance/accessReviews/definitions/{id}/instances","GET","Get-MgIdentityGovernanceAccessReviewDefinitionInstance","v1.0","https://learn.microsoft.com/graph/api/accessreviewscheduledefinition-list-instances?view=graph-rest-1.0","Matched"
"Get-AccessReviewData.ps1","/identityGovernance/accessReviews/definitions/$defId/instances","/identityGovernance/accessReviews/definitions/{id}/instances","POST","New-MgBetaIdentityGovernanceAccessReviewDefinitionInstance","beta","","Matched"
"Get-AccessReviewData.ps1","/identityGovernance/accessReviews/definitions/$defId/instances","/identityGovernance/accessReviews/definitions/{id}/instances","POST","New-MgIdentityGovernanceAccessReviewDefinitionInstance","v1.0","","Matched"
"Get-AdminRoleData.ps1","/directoryRoles/$($role.Id)/members","/directoryRoles/{id}/members","GET","Get-MgBetaDirectoryRoleMember","beta","https://learn.microsoft.com/graph/api/directoryrole-list-members?view=graph-rest-beta","Matched"
"Get-AdminRoleData.ps1","/directoryRoles/$($role.Id)/members","/directoryRoles/{id}/members","GET","Get-MgDirectoryRoleMember","v1.0","https://learn.microsoft.com/graph/api/directoryrole-list-members?view=graph-rest-1.0","Matched"
"Get-AppDeployments.ps1","/deviceAppManagement/mobileApps","/deviceAppManagement/mobileApps","GET","Get-MgBetaDeviceAppManagementMobileApp","beta","","Matched"
"Get-AppDeployments.ps1","/deviceAppManagement/mobileApps","/deviceAppManagement/mobileApps","GET","Get-MgDeviceAppManagementMobileApp","v1.0","https://learn.microsoft.com/graph/api/intune-apps-managedmobilelobapp-list?view=graph-rest-1.0","Matched"
"Get-AppDeployments.ps1","/deviceAppManagement/mobileApps","/deviceAppManagement/mobileApps","POST","New-MgBetaDeviceAppManagementMobileApp","beta","","Matched"
"Get-AppDeployments.ps1","/deviceAppManagement/mobileApps","/deviceAppManagement/mobileApps","POST","New-MgDeviceAppManagementMobileApp","v1.0","https://learn.microsoft.com/graph/api/intune-apps-macoslobapp-create?view=graph-rest-1.0","Matched"
"Get-AppDeployments.ps1","/deviceAppManagement/mobileApps/$($app.id)/assignments","/deviceAppManagement/mobileApps/{id}/assignments","GET","Get-MgBetaDeviceAppManagementMobileAppAssignment","beta","","Matched"
"Get-AppDeployments.ps1","/deviceAppManagement/mobileApps/$($app.id)/assignments","/deviceAppManagement/mobileApps/{id}/assignments","GET","Get-MgDeviceAppManagementMobileAppAssignment","v1.0","https://learn.microsoft.com/graph/api/intune-apps-mobileappassignment-list?view=graph-rest-1.0","Matched"
"Get-AppDeployments.ps1","/deviceAppManagement/mobileApps/$($app.id)/assignments","/deviceAppManagement/mobileApps/{id}/assignments","POST","New-MgBetaDeviceAppManagementMobileAppAssignment","beta","","Matched"
"Get-AppDeployments.ps1","/deviceAppManagement/mobileApps/$($app.id)/assignments","/deviceAppManagement/mobileApps/{id}/assignments","POST","New-MgDeviceAppManagementMobileAppAssignment","v1.0","https://learn.microsoft.com/graph/api/intune-apps-mobileappassignment-create?view=graph-rest-1.0","Matched"
"Get-AppDeployments.ps1","/deviceAppManagement/mobileApps/$($app.id)/deviceStatuses","/deviceAppManagement/mobileApps/{id}/deviceStatuses","","","","","NoMatch"
"Get-AppDeployments.ps1","/deviceAppManagement/mobileApps/$AppId/installSummary","/deviceAppManagement/mobileApps/{id}/installSummary","","","","","NoMatch"
"Get-AppDeployments.ps1","/deviceAppManagement/mobileApps/$AppId/userStatuses","/deviceAppManagement/mobileApps/{id}/userStatuses","","","","","NoMatch"
"Get-AppDeployments.ps1","/deviceManagement/reports/getAppInstallStatusReport","/deviceManagement/reports/getAppInstallStatusReport","","","","","NoMatch"
"Get-AppDeployments.ps1","/deviceManagement/reports/getAppInstallSummaryReport","/deviceManagement/reports/getAppInstallSummaryReport","","","","","NoMatch"
"Get-AppSignInData.ps1","/auditLogs/signIns","/auditLogs/signIns","GET","Get-MgAuditLogSignIn","v1.0","https://learn.microsoft.com/graph/api/signin-list?view=graph-rest-1.0","Matched"
"Get-AppSignInData.ps1","/auditLogs/signIns","/auditLogs/signIns","GET","Get-MgBetaAuditLogSignIn","beta","https://learn.microsoft.com/graph/api/signin-list?view=graph-rest-beta","Matched"
"Get-ASRRules.ps1","/deviceManagement/configurationPolicies","/deviceManagement/configurationPolicies","GET","Get-MgBetaDeviceManagementConfigurationPolicy","beta","","Matched"
"Get-ASRRules.ps1","/deviceManagement/configurationPolicies","/deviceManagement/configurationPolicies","POST","New-MgBetaDeviceManagementConfigurationPolicy","beta","","Matched"
"Get-ASRRules.ps1","/deviceManagement/configurationPolicies/$($policy.id)/settings","/deviceManagement/configurationPolicies/{id}/settings","GET","Get-MgBetaDeviceManagementConfigurationPolicySetting","beta","","Matched"
"Get-ASRRules.ps1","/deviceManagement/configurationPolicies/$($policy.id)/settings","/deviceManagement/configurationPolicies/{id}/settings","POST","New-MgBetaDeviceManagementConfigurationPolicySetting","beta","","Matched"
"Get-ASRRules.ps1","/deviceManagement/intents","/deviceManagement/intents","GET","Get-MgBetaDeviceManagementIntent","beta","","Matched"
"Get-ASRRules.ps1","/deviceManagement/intents","/deviceManagement/intents","POST","New-MgBetaDeviceManagementIntent","beta","","Matched"
"Get-ASRRules.ps1","/deviceManagement/intents/$($intent.id)/settings","/deviceManagement/intents/{id}/settings","GET","Get-MgBetaDeviceManagementIntentSetting","beta","","Matched"
"Get-ASRRules.ps1","/deviceManagement/intents/$($intent.id)/settings","/deviceManagement/intents/{id}/settings","POST","New-MgBetaDeviceManagementIntentSetting","beta","","Matched"
"Get-ASRRules.ps1","/deviceManagement/templates","/deviceManagement/templates","GET","Get-MgBetaDeviceManagementTemplate","beta","","Matched"
"Get-ASRRules.ps1","/deviceManagement/templates","/deviceManagement/templates","POST","New-MgBetaDeviceManagementTemplate","beta","","Matched"
"Get-AutopilotData.ps1","/deviceManagement/autopilotEvents","/deviceManagement/autopilotEvents","GET","Get-MgBetaDeviceManagementAutopilotEvent","beta","","Matched"
"Get-AutopilotData.ps1","/deviceManagement/autopilotEvents","/deviceManagement/autopilotEvents","POST","New-MgBetaDeviceManagementAutopilotEvent","beta","","Matched"
"Get-AutopilotData.ps1","/deviceManagement/windowsAutopilotDeviceIdentities","/deviceManagement/windowsAutopilotDeviceIdentities","GET","Get-MgBetaDeviceManagementWindowsAutopilotDeviceIdentity","beta","","Matched"
"Get-AutopilotData.ps1","/deviceManagement/windowsAutopilotDeviceIdentities","/deviceManagement/windowsAutopilotDeviceIdentities","GET","Get-MgDeviceManagementWindowsAutopilotDeviceIdentity","v1.0","https://learn.microsoft.com/graph/api/intune-enrollment-windowsautopilotdeviceidentity-list?view=graph-rest-1.0","Matched"
"Get-AutopilotData.ps1","/deviceManagement/windowsAutopilotDeviceIdentities","/deviceManagement/windowsAutopilotDeviceIdentities","POST","New-MgBetaDeviceManagementWindowsAutopilotDeviceIdentity","beta","","Matched"
"Get-AutopilotData.ps1","/deviceManagement/windowsAutopilotDeviceIdentities","/deviceManagement/windowsAutopilotDeviceIdentities","POST","New-MgDeviceManagementWindowsAutopilotDeviceIdentity","v1.0","https://learn.microsoft.com/graph/api/intune-enrollment-windowsautopilotdeviceidentity-create?view=graph-rest-1.0","Matched"
"Get-BitLockerStatus.ps1","/deviceManagement/managedDeviceEncryptionStates","/deviceManagement/managedDeviceEncryptionStates","GET","Get-MgBetaDeviceManagementManagedDeviceEncryptionState","beta","","Matched"
"Get-BitLockerStatus.ps1","/deviceManagement/managedDeviceEncryptionStates","/deviceManagement/managedDeviceEncryptionStates","POST","New-MgBetaDeviceManagementManagedDeviceEncryptionState","beta","","Matched"
"Get-BitLockerStatus.ps1","/deviceManagement/managedDevices","/deviceManagement/managedDevices","GET","Get-MgBetaDeviceManagementManagedDevice","beta","","Matched"
"Get-BitLockerStatus.ps1","/deviceManagement/managedDevices","/deviceManagement/managedDevices","GET","Get-MgDeviceManagementManagedDevice","v1.0","","Matched"
"Get-BitLockerStatus.ps1","/deviceManagement/managedDevices","/deviceManagement/managedDevices","POST","New-MgBetaDeviceManagementManagedDevice","beta","","Matched"
"Get-BitLockerStatus.ps1","/deviceManagement/managedDevices","/deviceManagement/managedDevices","POST","New-MgDeviceManagementManagedDevice","v1.0","https://learn.microsoft.com/graph/api/intune-devices-manageddevice-create?view=graph-rest-1.0","Matched"
"Get-BitLockerStatus.ps1","/informationProtection/bitlocker/recoveryKeys","/informationProtection/bitlocker/recoveryKeys","GET","Get-MgBetaInformationProtectionBitlockerRecoveryKey","beta","https://learn.microsoft.com/graph/api/bitlocker-list-recoverykeys?view=graph-rest-beta","Matched"
"Get-BitLockerStatus.ps1","/informationProtection/bitlocker/recoveryKeys","/informationProtection/bitlocker/recoveryKeys","GET","Get-MgInformationProtectionBitlockerRecoveryKey","v1.0","https://learn.microsoft.com/graph/api/bitlocker-list-recoverykeys?view=graph-rest-1.0","Matched"
"Get-CompliancePolicies.ps1","/deviceManagement/deviceCompliancePolicies","/deviceManagement/deviceCompliancePolicies","GET","Get-MgBetaDeviceManagementDeviceCompliancePolicy","beta","","Matched"
"Get-CompliancePolicies.ps1","/deviceManagement/deviceCompliancePolicies","/deviceManagement/deviceCompliancePolicies","GET","Get-MgDeviceManagementDeviceCompliancePolicy","v1.0","https://learn.microsoft.com/graph/api/intune-deviceconfig-devicecompliancepolicy-list?view=graph-rest-1.0","Matched"
"Get-CompliancePolicies.ps1","/deviceManagement/deviceCompliancePolicies","/deviceManagement/deviceCompliancePolicies","POST","New-MgBetaDeviceManagementDeviceCompliancePolicy","beta","","Matched"
"Get-CompliancePolicies.ps1","/deviceManagement/deviceCompliancePolicies","/deviceManagement/deviceCompliancePolicies","POST","New-MgDeviceManagementDeviceCompliancePolicy","v1.0","https://learn.microsoft.com/graph/api/intune-deviceconfig-windowsphone81compliancepolicy-create?view=graph-rest-1.0","Matched"
"Get-CompliancePolicies.ps1","/deviceManagement/deviceCompliancePolicies/$($policy.id)/assignments","/deviceManagement/deviceCompliancePolicies/{id}/assignments","GET","Get-MgBetaDeviceManagementDeviceCompliancePolicyAssignment","beta","","Matched"
"Get-CompliancePolicies.ps1","/deviceManagement/deviceCompliancePolicies/$($policy.id)/assignments","/deviceManagement/deviceCompliancePolicies/{id}/assignments","GET","Get-MgDeviceManagementDeviceCompliancePolicyAssignment","v1.0","https://learn.microsoft.com/graph/api/intune-deviceconfig-devicecompliancepolicyassignment-list?view=graph-rest-1.0","Matched"
"Get-CompliancePolicies.ps1","/deviceManagement/deviceCompliancePolicies/$($policy.id)/assignments","/deviceManagement/deviceCompliancePolicies/{id}/assignments","POST","New-MgBetaDeviceManagementDeviceCompliancePolicyAssignment","beta","","Matched"
"Get-CompliancePolicies.ps1","/deviceManagement/deviceCompliancePolicies/$($policy.id)/assignments","/deviceManagement/deviceCompliancePolicies/{id}/assignments","POST","New-MgDeviceManagementDeviceCompliancePolicyAssignment","v1.0","https://learn.microsoft.com/graph/api/intune-deviceconfig-devicecompliancepolicyassignment-create?view=graph-rest-1.0","Matched"
"Get-CompliancePolicies.ps1","/deviceManagement/deviceCompliancePolicies/$($policy.id)/deviceSettingStateSummaries","/deviceManagement/deviceCompliancePolicies/{id}/deviceSettingStateSummaries","GET","Get-MgBetaDeviceManagementDeviceCompliancePolicyDeviceSettingStateSummary","beta","","Matched"
"Get-CompliancePolicies.ps1","/deviceManagement/deviceCompliancePolicies/$($policy.id)/deviceSettingStateSummaries","/deviceManagement/deviceCompliancePolicies/{id}/deviceSettingStateSummaries","GET","Get-MgDeviceManagementDeviceCompliancePolicyDeviceSettingStateSummary","v1.0","","Matched"
"Get-CompliancePolicies.ps1","/deviceManagement/deviceCompliancePolicies/$($policy.id)/deviceSettingStateSummaries","/deviceManagement/deviceCompliancePolicies/{id}/deviceSettingStateSummaries","POST","New-MgBetaDeviceManagementDeviceCompliancePolicyDeviceSettingStateSummary","beta","","Matched"
"Get-CompliancePolicies.ps1","/deviceManagement/deviceCompliancePolicies/$($policy.id)/deviceSettingStateSummaries","/deviceManagement/deviceCompliancePolicies/{id}/deviceSettingStateSummaries","POST","New-MgDeviceManagementDeviceCompliancePolicyDeviceSettingStateSummary","v1.0","","Matched"
"Get-CompliancePolicies.ps1","/deviceManagement/deviceCompliancePolicies/$($policy.id)/deviceStatuses","/deviceManagement/deviceCompliancePolicies/{id}/deviceStatuses","GET","Get-MgBetaDeviceManagementDeviceCompliancePolicyDeviceStatus","beta","","Matched"
"Get-CompliancePolicies.ps1","/deviceManagement/deviceCompliancePolicies/$($policy.id)/deviceStatuses","/deviceManagement/deviceCompliancePolicies/{id}/deviceStatuses","GET","Get-MgDeviceManagementDeviceCompliancePolicyDeviceStatus","v1.0","https://learn.microsoft.com/graph/api/intune-deviceconfig-devicecompliancedevicestatus-list?view=graph-rest-1.0","Matched"
"Get-CompliancePolicies.ps1","/deviceManagement/deviceCompliancePolicies/$($policy.id)/deviceStatuses","/deviceManagement/deviceCompliancePolicies/{id}/deviceStatuses","POST","New-MgBetaDeviceManagementDeviceCompliancePolicyDeviceStatus","beta","","Matched"
"Get-CompliancePolicies.ps1","/deviceManagement/deviceCompliancePolicies/$($policy.id)/deviceStatuses","/deviceManagement/deviceCompliancePolicies/{id}/deviceStatuses","POST","New-MgDeviceManagementDeviceCompliancePolicyDeviceStatus","v1.0","https://learn.microsoft.com/graph/api/intune-deviceconfig-devicecompliancedevicestatus-create?view=graph-rest-1.0","Matched"
"Get-CompliancePolicies.ps1","/deviceManagement/deviceCompliancePolicies/$($policy.id)/deviceStatusOverview","/deviceManagement/deviceCompliancePolicies/{id}/deviceStatusOverview","DELETE","Remove-MgBetaDeviceManagementDeviceCompliancePolicyDeviceStatusOverview","beta","","Matched"
"Get-CompliancePolicies.ps1","/deviceManagement/deviceCompliancePolicies/$($policy.id)/deviceStatusOverview","/deviceManagement/deviceCompliancePolicies/{id}/deviceStatusOverview","DELETE","Remove-MgDeviceManagementDeviceCompliancePolicyDeviceStatusOverview","v1.0","","Matched"
"Get-CompliancePolicies.ps1","/deviceManagement/deviceCompliancePolicies/$($policy.id)/deviceStatusOverview","/deviceManagement/deviceCompliancePolicies/{id}/deviceStatusOverview","GET","Get-MgBetaDeviceManagementDeviceCompliancePolicyDeviceStatusOverview","beta","","Matched"
"Get-CompliancePolicies.ps1","/deviceManagement/deviceCompliancePolicies/$($policy.id)/deviceStatusOverview","/deviceManagement/deviceCompliancePolicies/{id}/deviceStatusOverview","GET","Get-MgDeviceManagementDeviceCompliancePolicyDeviceStatusOverview","v1.0","https://learn.microsoft.com/graph/api/intune-deviceconfig-devicecompliancedeviceoverview-get?view=graph-rest-1.0","Matched"
"Get-CompliancePolicies.ps1","/deviceManagement/deviceCompliancePolicies/$($policy.id)/deviceStatusOverview","/deviceManagement/deviceCompliancePolicies/{id}/deviceStatusOverview","PATCH","Update-MgBetaDeviceManagementDeviceCompliancePolicyDeviceStatusOverview","beta","","Matched"
"Get-CompliancePolicies.ps1","/deviceManagement/deviceCompliancePolicies/$($policy.id)/deviceStatusOverview","/deviceManagement/deviceCompliancePolicies/{id}/deviceStatusOverview","PATCH","Update-MgDeviceManagementDeviceCompliancePolicyDeviceStatusOverview","v1.0","https://learn.microsoft.com/graph/api/intune-deviceconfig-devicecompliancedeviceoverview-update?view=graph-rest-1.0","Matched"
"Get-ConfigurationProfiles.ps1","/deviceManagement/configurationPolicies","/deviceManagement/configurationPolicies","GET","Get-MgBetaDeviceManagementConfigurationPolicy","beta","","Matched"
"Get-ConfigurationProfiles.ps1","/deviceManagement/configurationPolicies","/deviceManagement/configurationPolicies","POST","New-MgBetaDeviceManagementConfigurationPolicy","beta","","Matched"
"Get-ConfigurationProfiles.ps1","/deviceManagement/configurationPolicies/$($profile.id)/assignments","/deviceManagement/configurationPolicies/{id}/assignments","GET","Get-MgBetaDeviceManagementConfigurationPolicyAssignment","beta","","Matched"
"Get-ConfigurationProfiles.ps1","/deviceManagement/configurationPolicies/$($profile.id)/assignments","/deviceManagement/configurationPolicies/{id}/assignments","POST","New-MgBetaDeviceManagementConfigurationPolicyAssignment","beta","","Matched"
"Get-ConfigurationProfiles.ps1","/deviceManagement/configurationPolicies/$($profile.id)/deviceStatuses","/deviceManagement/configurationPolicies/{id}/deviceStatuses","","","","","NoMatch"
"Get-ConfigurationProfiles.ps1","/deviceManagement/configurationPolicies/$PolicyId/deviceStatuses","/deviceManagement/configurationPolicies/{id}/deviceStatuses","","","","","NoMatch"
"Get-ConfigurationProfiles.ps1","/deviceManagement/deviceConfigurations","/deviceManagement/deviceConfigurations","GET","Get-MgBetaDeviceManagementDeviceConfiguration","beta","","Matched"
"Get-ConfigurationProfiles.ps1","/deviceManagement/deviceConfigurations","/deviceManagement/deviceConfigurations","GET","Get-MgDeviceManagementDeviceConfiguration","v1.0","https://learn.microsoft.com/graph/api/intune-deviceconfig-windows10endpointprotectionconfiguration-list?view=graph-rest-1.0","Matched"
"Get-ConfigurationProfiles.ps1","/deviceManagement/deviceConfigurations","/deviceManagement/deviceConfigurations","POST","New-MgBetaDeviceManagementDeviceConfiguration","beta","","Matched"
"Get-ConfigurationProfiles.ps1","/deviceManagement/deviceConfigurations","/deviceManagement/deviceConfigurations","POST","New-MgDeviceManagementDeviceConfiguration","v1.0","https://learn.microsoft.com/graph/api/intune-deviceconfig-windows10enterprisemodernappmanagementconfiguration-create?view=graph-rest-1.0","Matched"
"Get-ConfigurationProfiles.ps1","/deviceManagement/deviceConfigurations/$($profile.id)/assignments","/deviceManagement/deviceConfigurations/{id}/assignments","GET","Get-MgBetaDeviceManagementDeviceConfigurationAssignment","beta","","Matched"
"Get-ConfigurationProfiles.ps1","/deviceManagement/deviceConfigurations/$($profile.id)/assignments","/deviceManagement/deviceConfigurations/{id}/assignments","GET","Get-MgDeviceManagementDeviceConfigurationAssignment","v1.0","https://learn.microsoft.com/graph/api/intune-deviceconfig-deviceconfigurationassignment-list?view=graph-rest-1.0","Matched"
"Get-ConfigurationProfiles.ps1","/deviceManagement/deviceConfigurations/$($profile.id)/assignments","/deviceManagement/deviceConfigurations/{id}/assignments","POST","New-MgBetaDeviceManagementDeviceConfigurationAssignment","beta","","Matched"
"Get-ConfigurationProfiles.ps1","/deviceManagement/deviceConfigurations/$($profile.id)/assignments","/deviceManagement/deviceConfigurations/{id}/assignments","POST","New-MgDeviceManagementDeviceConfigurationAssignment","v1.0","https://learn.microsoft.com/graph/api/intune-deviceconfig-deviceconfigurationassignment-create?view=graph-rest-1.0","Matched"
"Get-ConfigurationProfiles.ps1","/deviceManagement/deviceConfigurations/$($profile.id)/deviceSettingStateSummaries","/deviceManagement/deviceConfigurations/{id}/deviceSettingStateSummaries","GET","Get-MgBetaDeviceManagementDeviceConfigurationDeviceSettingStateSummary","beta","","Matched"
"Get-ConfigurationProfiles.ps1","/deviceManagement/deviceConfigurations/$($profile.id)/deviceSettingStateSummaries","/deviceManagement/deviceConfigurations/{id}/deviceSettingStateSummaries","GET","Get-MgDeviceManagementDeviceConfigurationDeviceSettingStateSummary","v1.0","https://learn.microsoft.com/graph/api/intune-deviceconfig-settingstatedevicesummary-list?view=graph-rest-1.0","Matched"
"Get-ConfigurationProfiles.ps1","/deviceManagement/deviceConfigurations/$($profile.id)/deviceSettingStateSummaries","/deviceManagement/deviceConfigurations/{id}/deviceSettingStateSummaries","POST","New-MgBetaDeviceManagementDeviceConfigurationDeviceSettingStateSummary","beta","","Matched"
"Get-ConfigurationProfiles.ps1","/deviceManagement/deviceConfigurations/$($profile.id)/deviceSettingStateSummaries","/deviceManagement/deviceConfigurations/{id}/deviceSettingStateSummaries","POST","New-MgDeviceManagementDeviceConfigurationDeviceSettingStateSummary","v1.0","https://learn.microsoft.com/graph/api/intune-deviceconfig-settingstatedevicesummary-create?view=graph-rest-1.0","Matched"
"Get-ConfigurationProfiles.ps1","/deviceManagement/deviceConfigurations/$($profile.id)/deviceStatuses","/deviceManagement/deviceConfigurations/{id}/deviceStatuses","GET","Get-MgBetaDeviceManagementDeviceConfigurationDeviceStatus","beta","","Matched"
"Get-ConfigurationProfiles.ps1","/deviceManagement/deviceConfigurations/$($profile.id)/deviceStatuses","/deviceManagement/deviceConfigurations/{id}/deviceStatuses","GET","Get-MgDeviceManagementDeviceConfigurationDeviceStatus","v1.0","https://learn.microsoft.com/graph/api/intune-deviceconfig-deviceconfigurationdevicestatus-list?view=graph-rest-1.0","Matched"
"Get-ConfigurationProfiles.ps1","/deviceManagement/deviceConfigurations/$($profile.id)/deviceStatuses","/deviceManagement/deviceConfigurations/{id}/deviceStatuses","POST","New-MgBetaDeviceManagementDeviceConfigurationDeviceStatus","beta","","Matched"
"Get-ConfigurationProfiles.ps1","/deviceManagement/deviceConfigurations/$($profile.id)/deviceStatuses","/deviceManagement/deviceConfigurations/{id}/deviceStatuses","POST","New-MgDeviceManagementDeviceConfigurationDeviceStatus","v1.0","https://learn.microsoft.com/graph/api/intune-deviceconfig-deviceconfigurationdevicestatus-create?view=graph-rest-1.0","Matched"
"Get-ConfigurationProfiles.ps1","/deviceManagement/deviceConfigurations/$($profile.id)/deviceStatusOverview","/deviceManagement/deviceConfigurations/{id}/deviceStatusOverview","DELETE","Remove-MgBetaDeviceManagementDeviceConfigurationDeviceStatusOverview","beta","","Matched"
"Get-ConfigurationProfiles.ps1","/deviceManagement/deviceConfigurations/$($profile.id)/deviceStatusOverview","/deviceManagement/deviceConfigurations/{id}/deviceStatusOverview","DELETE","Remove-MgDeviceManagementDeviceConfigurationDeviceStatusOverview","v1.0","","Matched"
"Get-ConfigurationProfiles.ps1","/deviceManagement/deviceConfigurations/$($profile.id)/deviceStatusOverview","/deviceManagement/deviceConfigurations/{id}/deviceStatusOverview","GET","Get-MgBetaDeviceManagementDeviceConfigurationDeviceStatusOverview","beta","","Matched"
"Get-ConfigurationProfiles.ps1","/deviceManagement/deviceConfigurations/$($profile.id)/deviceStatusOverview","/deviceManagement/deviceConfigurations/{id}/deviceStatusOverview","GET","Get-MgDeviceManagementDeviceConfigurationDeviceStatusOverview","v1.0","https://learn.microsoft.com/graph/api/intune-deviceconfig-deviceconfigurationdeviceoverview-get?view=graph-rest-1.0","Matched"
"Get-ConfigurationProfiles.ps1","/deviceManagement/deviceConfigurations/$($profile.id)/deviceStatusOverview","/deviceManagement/deviceConfigurations/{id}/deviceStatusOverview","PATCH","Update-MgBetaDeviceManagementDeviceConfigurationDeviceStatusOverview","beta","","Matched"
"Get-ConfigurationProfiles.ps1","/deviceManagement/deviceConfigurations/$($profile.id)/deviceStatusOverview","/deviceManagement/deviceConfigurations/{id}/deviceStatusOverview","PATCH","Update-MgDeviceManagementDeviceConfigurationDeviceStatusOverview","v1.0","https://learn.microsoft.com/graph/api/intune-deviceconfig-deviceconfigurationdeviceoverview-update?view=graph-rest-1.0","Matched"
"Get-ConfigurationProfiles.ps1","/deviceManagement/reports/exportJobs","/deviceManagement/reports/exportJobs","GET","Get-MgBetaDeviceManagementReportExportJob","beta","","Matched"
"Get-ConfigurationProfiles.ps1","/deviceManagement/reports/exportJobs","/deviceManagement/reports/exportJobs","GET","Get-MgDeviceManagementReportExportJob","v1.0","https://learn.microsoft.com/graph/api/intune-reporting-devicemanagementexportjob-list?view=graph-rest-1.0","Matched"
"Get-ConfigurationProfiles.ps1","/deviceManagement/reports/getConfigurationPolicyDevicesReport","/deviceManagement/reports/getConfigurationPolicyDevicesReport","POST","Get-MgBetaDeviceManagementReportConfigurationPolicyDeviceReport","beta","","Matched"
"Get-DefenderData.ps1","/security/alerts","/security/alerts","GET","Get-MgBetaSecurityAlert","beta","https://learn.microsoft.com/graph/api/alert-list?view=graph-rest-beta","Matched"
"Get-DefenderData.ps1","/security/alerts","/security/alerts","GET","Get-MgSecurityAlert","v1.0","https://learn.microsoft.com/graph/api/alert-list?view=graph-rest-1.0","Matched"
"Get-DefenderData.ps1","/security/alerts","/security/alerts","POST","New-MgBetaSecurityAlert","beta","","Matched"
"Get-DefenderData.ps1","/security/alerts","/security/alerts","POST","New-MgSecurityAlert","v1.0","","Matched"
"Get-DefenderData.ps1","/security/alerts_v2","/security/alerts_v2","GET","Get-MgBetaSecurityAlertV2","beta","https://learn.microsoft.com/graph/api/security-list-alerts_v2?view=graph-rest-beta","Matched"
"Get-DefenderData.ps1","/security/alerts_v2","/security/alerts_v2","GET","Get-MgSecurityAlertV2","v1.0","https://learn.microsoft.com/graph/api/security-list-alerts_v2?view=graph-rest-1.0","Matched"
"Get-DefenderData.ps1","/security/alerts_v2","/security/alerts_v2","POST","New-MgBetaSecurityAlertV2","beta","","Matched"
"Get-DefenderData.ps1","/security/alerts_v2","/security/alerts_v2","POST","New-MgSecurityAlertV2","v1.0","","Matched"
"Get-DeletedUsers.ps1","/directory/deletedItems/microsoft.graph.user","/directory/deletedItems/microsoft.graph.user","GET","Get-MgBetaDirectoryDeletedItemAsUser","beta","","Matched"
"Get-DeletedUsers.ps1","/directory/deletedItems/microsoft.graph.user","/directory/deletedItems/microsoft.graph.user","GET","Get-MgDirectoryDeletedItemAsUser","v1.0","","Matched"
"Get-DeviceData.ps1","/deviceManagement/managedDevices/$($device.Id)/deviceCompliancePolicyStates","/deviceManagement/managedDevices/{id}/deviceCompliancePolicyStates","GET","Get-MgBetaDeviceManagementManagedDeviceCompliancePolicyState","beta","","Matched"
"Get-DeviceData.ps1","/deviceManagement/managedDevices/$($device.Id)/deviceCompliancePolicyStates","/deviceManagement/managedDevices/{id}/deviceCompliancePolicyStates","GET","Get-MgDeviceManagementManagedDeviceCompliancePolicyState","v1.0","","Matched"
"Get-DeviceData.ps1","/deviceManagement/managedDevices/$($device.Id)/deviceCompliancePolicyStates","/deviceManagement/managedDevices/{id}/deviceCompliancePolicyStates","POST","New-MgBetaDeviceManagementManagedDeviceCompliancePolicyState","beta","","Matched"
"Get-DeviceData.ps1","/deviceManagement/managedDevices/$($device.Id)/deviceCompliancePolicyStates","/deviceManagement/managedDevices/{id}/deviceCompliancePolicyStates","POST","New-MgDeviceManagementManagedDeviceCompliancePolicyState","v1.0","","Matched"
"Get-DeviceData.ps1","/deviceManagement/windowsAutopilotDeviceIdentities","/deviceManagement/windowsAutopilotDeviceIdentities","GET","Get-MgBetaDeviceManagementWindowsAutopilotDeviceIdentity","beta","","Matched"
"Get-DeviceData.ps1","/deviceManagement/windowsAutopilotDeviceIdentities","/deviceManagement/windowsAutopilotDeviceIdentities","GET","Get-MgDeviceManagementWindowsAutopilotDeviceIdentity","v1.0","https://learn.microsoft.com/graph/api/intune-enrollment-windowsautopilotdeviceidentity-list?view=graph-rest-1.0","Matched"
"Get-DeviceData.ps1","/deviceManagement/windowsAutopilotDeviceIdentities","/deviceManagement/windowsAutopilotDeviceIdentities","POST","New-MgBetaDeviceManagementWindowsAutopilotDeviceIdentity","beta","","Matched"
"Get-DeviceData.ps1","/deviceManagement/windowsAutopilotDeviceIdentities","/deviceManagement/windowsAutopilotDeviceIdentities","POST","New-MgDeviceManagementWindowsAutopilotDeviceIdentity","v1.0","https://learn.microsoft.com/graph/api/intune-enrollment-windowsautopilotdeviceidentity-create?view=graph-rest-1.0","Matched"
"Get-DeviceData.ps1","/devices","/devices","GET","Get-MgBetaDevice","beta","https://learn.microsoft.com/graph/api/device-list?view=graph-rest-beta","Matched"
"Get-DeviceData.ps1","/devices","/devices","GET","Get-MgDevice","v1.0","https://learn.microsoft.com/graph/api/device-list?view=graph-rest-1.0","Matched"
"Get-DeviceData.ps1","/devices","/devices","POST","New-MgBetaDevice","beta","https://learn.microsoft.com/graph/api/device-post-devices?view=graph-rest-beta","Matched"
"Get-DeviceData.ps1","/devices","/devices","POST","New-MgDevice","v1.0","https://learn.microsoft.com/graph/api/device-post-devices?view=graph-rest-1.0","Matched"
"Get-eDiscoveryData.ps1","/security/cases/ediscoveryCases","/security/cases/ediscoveryCases","GET","Get-MgBetaSecurityCaseEdiscoveryCase","beta","https://learn.microsoft.com/graph/api/security-casesroot-list-ediscoverycases?view=graph-rest-beta","Matched"
"Get-eDiscoveryData.ps1","/security/cases/ediscoveryCases","/security/cases/ediscoveryCases","GET","Get-MgSecurityCaseEdiscoveryCase","v1.0","https://learn.microsoft.com/graph/api/security-casesroot-list-ediscoverycases?view=graph-rest-1.0","Matched"
"Get-eDiscoveryData.ps1","/security/cases/ediscoveryCases","/security/cases/ediscoveryCases","POST","New-MgBetaSecurityCaseEdiscoveryCase","beta","https://learn.microsoft.com/graph/api/security-casesroot-post-ediscoverycases?view=graph-rest-beta","Matched"
"Get-eDiscoveryData.ps1","/security/cases/ediscoveryCases","/security/cases/ediscoveryCases","POST","New-MgSecurityCaseEdiscoveryCase","v1.0","https://learn.microsoft.com/graph/api/security-casesroot-post-ediscoverycases?view=graph-rest-1.0","Matched"
"Get-eDiscoveryData.ps1","/security/cases/ediscoveryCases/$caseId/custodians","/security/cases/ediscoveryCases/{id}/custodians","GET","Get-MgBetaSecurityCaseEdiscoveryCaseCustodian","beta","https://learn.microsoft.com/graph/api/security-ediscoverycase-list-custodians?view=graph-rest-beta","Matched"
"Get-eDiscoveryData.ps1","/security/cases/ediscoveryCases/$caseId/custodians","/security/cases/ediscoveryCases/{id}/custodians","GET","Get-MgSecurityCaseEdiscoveryCaseCustodian","v1.0","https://learn.microsoft.com/graph/api/security-ediscoverycase-list-custodians?view=graph-rest-1.0","Matched"
"Get-eDiscoveryData.ps1","/security/cases/ediscoveryCases/$caseId/custodians","/security/cases/ediscoveryCases/{id}/custodians","POST","New-MgBetaSecurityCaseEdiscoveryCaseCustodian","beta","https://learn.microsoft.com/graph/api/security-ediscoverycase-post-custodians?view=graph-rest-beta","Matched"
"Get-eDiscoveryData.ps1","/security/cases/ediscoveryCases/$caseId/custodians","/security/cases/ediscoveryCases/{id}/custodians","POST","New-MgSecurityCaseEdiscoveryCaseCustodian","v1.0","https://learn.microsoft.com/graph/api/security-ediscoverycase-post-custodians?view=graph-rest-1.0","Matched"
"Get-eDiscoveryData.ps1","/security/cases/ediscoveryCases/$caseId/legalHolds","/security/cases/ediscoveryCases/{id}/legalHolds","GET","Get-MgBetaSecurityCaseEdiscoveryCaseLegalHold","beta","https://learn.microsoft.com/graph/api/security-ediscoverycase-list-legalholds?view=graph-rest-beta","Matched"
"Get-eDiscoveryData.ps1","/security/cases/ediscoveryCases/$caseId/legalHolds","/security/cases/ediscoveryCases/{id}/legalHolds","POST","New-MgBetaSecurityCaseEdiscoveryCaseLegalHold","beta","https://learn.microsoft.com/graph/api/security-ediscoverycase-post-legalholds?view=graph-rest-beta","Matched"
"Get-EndpointAnalytics.ps1","/deviceManagement/userExperienceAnalyticsAppHealthApplicationPerformance","/deviceManagement/userExperienceAnalyticsAppHealthApplicationPerformance","GET","Get-MgBetaDeviceManagementUserExperienceAnalyticAppHealthApplicationPerformance","beta","","Matched"
"Get-EndpointAnalytics.ps1","/deviceManagement/userExperienceAnalyticsAppHealthApplicationPerformance","/deviceManagement/userExperienceAnalyticsAppHealthApplicationPerformance","GET","Get-MgDeviceManagementUserExperienceAnalyticAppHealthApplicationPerformance","v1.0","","Matched"
"Get-EndpointAnalytics.ps1","/deviceManagement/userExperienceAnalyticsAppHealthApplicationPerformance","/deviceManagement/userExperienceAnalyticsAppHealthApplicationPerformance","POST","New-MgBetaDeviceManagementUserExperienceAnalyticAppHealthApplicationPerformance","beta","","Matched"
"Get-EndpointAnalytics.ps1","/deviceManagement/userExperienceAnalyticsAppHealthApplicationPerformance","/deviceManagement/userExperienceAnalyticsAppHealthApplicationPerformance","POST","New-MgDeviceManagementUserExperienceAnalyticAppHealthApplicationPerformance","v1.0","","Matched"
"Get-EndpointAnalytics.ps1","/deviceManagement/userExperienceAnalyticsAppHealthDevicePerformance","/deviceManagement/userExperienceAnalyticsAppHealthDevicePerformance","GET","Get-MgBetaDeviceManagementUserExperienceAnalyticAppHealthDevicePerformance","beta","","Matched"
"Get-EndpointAnalytics.ps1","/deviceManagement/userExperienceAnalyticsAppHealthDevicePerformance","/deviceManagement/userExperienceAnalyticsAppHealthDevicePerformance","GET","Get-MgDeviceManagementUserExperienceAnalyticAppHealthDevicePerformance","v1.0","","Matched"
"Get-EndpointAnalytics.ps1","/deviceManagement/userExperienceAnalyticsAppHealthDevicePerformance","/deviceManagement/userExperienceAnalyticsAppHealthDevicePerformance","POST","New-MgBetaDeviceManagementUserExperienceAnalyticAppHealthDevicePerformance","beta","","Matched"
"Get-EndpointAnalytics.ps1","/deviceManagement/userExperienceAnalyticsAppHealthDevicePerformance","/deviceManagement/userExperienceAnalyticsAppHealthDevicePerformance","POST","New-MgDeviceManagementUserExperienceAnalyticAppHealthDevicePerformance","v1.0","","Matched"
"Get-EndpointAnalytics.ps1","/deviceManagement/userExperienceAnalyticsBatteryHealthDevicePerformance","/deviceManagement/userExperienceAnalyticsBatteryHealthDevicePerformance","GET","Get-MgBetaDeviceManagementUserExperienceAnalyticBatteryHealthDevicePerformance","beta","","Matched"
"Get-EndpointAnalytics.ps1","/deviceManagement/userExperienceAnalyticsBatteryHealthDevicePerformance","/deviceManagement/userExperienceAnalyticsBatteryHealthDevicePerformance","POST","New-MgBetaDeviceManagementUserExperienceAnalyticBatteryHealthDevicePerformance","beta","","Matched"
"Get-EndpointAnalytics.ps1","/deviceManagement/userExperienceAnalyticsDevicePerformance","/deviceManagement/userExperienceAnalyticsDevicePerformance","GET","Get-MgBetaDeviceManagementUserExperienceAnalyticDevicePerformance","beta","","Matched"
"Get-EndpointAnalytics.ps1","/deviceManagement/userExperienceAnalyticsDevicePerformance","/deviceManagement/userExperienceAnalyticsDevicePerformance","GET","Get-MgDeviceManagementUserExperienceAnalyticDevicePerformance","v1.0","","Matched"
"Get-EndpointAnalytics.ps1","/deviceManagement/userExperienceAnalyticsDevicePerformance","/deviceManagement/userExperienceAnalyticsDevicePerformance","POST","New-MgBetaDeviceManagementUserExperienceAnalyticDevicePerformance","beta","","Matched"
"Get-EndpointAnalytics.ps1","/deviceManagement/userExperienceAnalyticsDevicePerformance","/deviceManagement/userExperienceAnalyticsDevicePerformance","POST","New-MgDeviceManagementUserExperienceAnalyticDevicePerformance","v1.0","","Matched"
"Get-EndpointAnalytics.ps1","/deviceManagement/userExperienceAnalyticsDeviceScores","/deviceManagement/userExperienceAnalyticsDeviceScores","GET","Get-MgBetaDeviceManagementUserExperienceAnalyticDeviceScore","beta","","Matched"
"Get-EndpointAnalytics.ps1","/deviceManagement/userExperienceAnalyticsDeviceScores","/deviceManagement/userExperienceAnalyticsDeviceScores","GET","Get-MgDeviceManagementUserExperienceAnalyticDeviceScore","v1.0","","Matched"
"Get-EndpointAnalytics.ps1","/deviceManagement/userExperienceAnalyticsDeviceScores","/deviceManagement/userExperienceAnalyticsDeviceScores","POST","New-MgBetaDeviceManagementUserExperienceAnalyticDeviceScore","beta","","Matched"
"Get-EndpointAnalytics.ps1","/deviceManagement/userExperienceAnalyticsDeviceScores","/deviceManagement/userExperienceAnalyticsDeviceScores","POST","New-MgDeviceManagementUserExperienceAnalyticDeviceScore","v1.0","","Matched"
"Get-EndpointAnalytics.ps1","/deviceManagement/userExperienceAnalyticsDeviceStartupProcesses","/deviceManagement/userExperienceAnalyticsDeviceStartupProcesses","GET","Get-MgBetaDeviceManagementUserExperienceAnalyticDeviceStartupProcess","beta","","Matched"
"Get-EndpointAnalytics.ps1","/deviceManagement/userExperienceAnalyticsDeviceStartupProcesses","/deviceManagement/userExperienceAnalyticsDeviceStartupProcesses","GET","Get-MgDeviceManagementUserExperienceAnalyticDeviceStartupProcess","v1.0","","Matched"
"Get-EndpointAnalytics.ps1","/deviceManagement/userExperienceAnalyticsDeviceStartupProcesses","/deviceManagement/userExperienceAnalyticsDeviceStartupProcesses","POST","New-MgBetaDeviceManagementUserExperienceAnalyticDeviceStartupProcess","beta","","Matched"
"Get-EndpointAnalytics.ps1","/deviceManagement/userExperienceAnalyticsDeviceStartupProcesses","/deviceManagement/userExperienceAnalyticsDeviceStartupProcesses","POST","New-MgDeviceManagementUserExperienceAnalyticDeviceStartupProcess","v1.0","","Matched"
"Get-EndpointAnalytics.ps1","/deviceManagement/userExperienceAnalyticsOverview","/deviceManagement/userExperienceAnalyticsOverview","DELETE","Remove-MgBetaDeviceManagementUserExperienceAnalyticOverview","beta","","Matched"
"Get-EndpointAnalytics.ps1","/deviceManagement/userExperienceAnalyticsOverview","/deviceManagement/userExperienceAnalyticsOverview","DELETE","Remove-MgDeviceManagementUserExperienceAnalyticOverview","v1.0","","Matched"
"Get-EndpointAnalytics.ps1","/deviceManagement/userExperienceAnalyticsOverview","/deviceManagement/userExperienceAnalyticsOverview","GET","Get-MgBetaDeviceManagementUserExperienceAnalyticOverview","beta","","Matched"
"Get-EndpointAnalytics.ps1","/deviceManagement/userExperienceAnalyticsOverview","/deviceManagement/userExperienceAnalyticsOverview","GET","Get-MgDeviceManagementUserExperienceAnalyticOverview","v1.0","","Matched"
"Get-EndpointAnalytics.ps1","/deviceManagement/userExperienceAnalyticsOverview","/deviceManagement/userExperienceAnalyticsOverview","PATCH","Update-MgBetaDeviceManagementUserExperienceAnalyticOverview","beta","","Matched"
"Get-EndpointAnalytics.ps1","/deviceManagement/userExperienceAnalyticsOverview","/deviceManagement/userExperienceAnalyticsOverview","PATCH","Update-MgDeviceManagementUserExperienceAnalyticOverview","v1.0","","Matched"
"Get-EndpointAnalytics.ps1","/deviceManagement/userExperienceAnalyticsWorkFromAnywhereModelPerformance","/deviceManagement/userExperienceAnalyticsWorkFromAnywhereModelPerformance","GET","Get-MgBetaDeviceManagementUserExperienceAnalyticWorkFromAnywhereModelPerformance","beta","","Matched"
"Get-EndpointAnalytics.ps1","/deviceManagement/userExperienceAnalyticsWorkFromAnywhereModelPerformance","/deviceManagement/userExperienceAnalyticsWorkFromAnywhereModelPerformance","GET","Get-MgDeviceManagementUserExperienceAnalyticWorkFromAnywhereModelPerformance","v1.0","","Matched"
"Get-EndpointAnalytics.ps1","/deviceManagement/userExperienceAnalyticsWorkFromAnywhereModelPerformance","/deviceManagement/userExperienceAnalyticsWorkFromAnywhereModelPerformance","POST","New-MgBetaDeviceManagementUserExperienceAnalyticWorkFromAnywhereModelPerformance","beta","","Matched"
"Get-EndpointAnalytics.ps1","/deviceManagement/userExperienceAnalyticsWorkFromAnywhereModelPerformance","/deviceManagement/userExperienceAnalyticsWorkFromAnywhereModelPerformance","POST","New-MgDeviceManagementUserExperienceAnalyticWorkFromAnywhereModelPerformance","v1.0","","Matched"
"Get-EndpointSecurityStates.ps1","/deviceManagement/intents","/deviceManagement/intents","GET","Get-MgBetaDeviceManagementIntent","beta","","Matched"
"Get-EndpointSecurityStates.ps1","/deviceManagement/intents","/deviceManagement/intents","POST","New-MgBetaDeviceManagementIntent","beta","","Matched"
"Get-EndpointSecurityStates.ps1","/deviceManagement/intents/$policyId/deviceStates","/deviceManagement/intents/{id}/deviceStates","GET","Get-MgBetaDeviceManagementIntentDeviceState","beta","","Matched"
"Get-EndpointSecurityStates.ps1","/deviceManagement/intents/$policyId/deviceStates","/deviceManagement/intents/{id}/deviceStates","POST","New-MgBetaDeviceManagementIntentDeviceState","beta","","Matched"
"Get-EnterpriseAppData.ps1","/applications","/applications","GET","Get-MgApplication","v1.0","https://learn.microsoft.com/graph/api/application-list?view=graph-rest-1.0","Matched"
"Get-EnterpriseAppData.ps1","/applications","/applications","GET","Get-MgBetaApplication","beta","https://learn.microsoft.com/graph/api/application-list?view=graph-rest-beta","Matched"
"Get-EnterpriseAppData.ps1","/applications","/applications","POST","New-MgApplication","v1.0","https://learn.microsoft.com/graph/api/application-post-applications?view=graph-rest-1.0","Matched"
"Get-EnterpriseAppData.ps1","/applications","/applications","POST","New-MgBetaApplication","beta","https://learn.microsoft.com/graph/api/application-post-applications?view=graph-rest-beta","Matched"
"Get-EnterpriseAppData.ps1","/servicePrincipals","/servicePrincipals","GET","Get-MgBetaServicePrincipal","beta","https://learn.microsoft.com/graph/api/serviceprincipal-list?view=graph-rest-beta","Matched"
"Get-EnterpriseAppData.ps1","/servicePrincipals","/servicePrincipals","GET","Get-MgServicePrincipal","v1.0","https://learn.microsoft.com/graph/api/serviceprincipal-list?view=graph-rest-1.0","Matched"
"Get-EnterpriseAppData.ps1","/servicePrincipals","/servicePrincipals","POST","New-MgBetaServicePrincipal","beta","https://learn.microsoft.com/graph/api/serviceprincipal-post-serviceprincipals?view=graph-rest-beta","Matched"
"Get-EnterpriseAppData.ps1","/servicePrincipals","/servicePrincipals","POST","New-MgServicePrincipal","v1.0","https://learn.microsoft.com/graph/api/serviceprincipal-post-serviceprincipals?view=graph-rest-1.0","Matched"
"Get-GroupData.ps1","/groups","/groups","GET","Get-MgBetaGroup","beta","https://learn.microsoft.com/graph/api/group-list?view=graph-rest-beta","Matched"
"Get-GroupData.ps1","/groups","/groups","GET","Get-MgGroup","v1.0","https://learn.microsoft.com/graph/api/group-list?view=graph-rest-1.0","Matched"
"Get-GroupData.ps1","/groups","/groups","POST","New-MgBetaGroup","beta","https://learn.microsoft.com/graph/api/group-upsert?view=graph-rest-beta","Matched"
"Get-GroupData.ps1","/groups","/groups","POST","New-MgGroup","v1.0","https://learn.microsoft.com/graph/api/group-post-groups?view=graph-rest-1.0","Matched"
"Get-GroupData.ps1","/groups/$GroupId/members","/groups/{id}/members","GET","Get-MgBetaGroupMember","beta","https://learn.microsoft.com/graph/api/group-list-members?view=graph-rest-beta","Matched"
"Get-GroupData.ps1","/groups/$GroupId/members","/groups/{id}/members","GET","Get-MgGroupMember","v1.0","https://learn.microsoft.com/graph/api/group-list-members?view=graph-rest-1.0","Matched"
"Get-GroupData.ps1","/groups/$GroupId/owners","/groups/{id}/owners","GET","Get-MgBetaGroupOwner","beta","https://learn.microsoft.com/graph/api/group-list-owners?view=graph-rest-beta","Matched"
"Get-GroupData.ps1","/groups/$GroupId/owners","/groups/{id}/owners","GET","Get-MgGroupOwner","v1.0","https://learn.microsoft.com/graph/api/group-list-owners?view=graph-rest-1.0","Matched"
"Get-GuestData.ps1","/users/$($guest.Id)/memberOf","/users/{id}/memberOf","GET","Get-MgBetaUserMemberOf","beta","https://learn.microsoft.com/graph/api/user-list-memberof?view=graph-rest-beta","Matched"
"Get-GuestData.ps1","/users/$($guest.Id)/memberOf","/users/{id}/memberOf","GET","Get-MgUserMemberOf","v1.0","https://learn.microsoft.com/graph/api/user-list-memberof?view=graph-rest-1.0","Matched"
"Get-IdentityRiskData.ps1","/identityProtection/riskDetections","/identityProtection/riskDetections","GET","Get-MgBetaRiskDetection","beta","https://learn.microsoft.com/graph/api/riskdetection-list?view=graph-rest-beta","Matched"
"Get-IdentityRiskData.ps1","/identityProtection/riskDetections","/identityProtection/riskDetections","GET","Get-MgRiskDetection","v1.0","https://learn.microsoft.com/graph/api/riskdetection-list?view=graph-rest-1.0","Matched"
"Get-IdentityRiskData.ps1","/identityProtection/riskDetections","/identityProtection/riskDetections","POST","New-MgBetaRiskDetection","beta","","Matched"
"Get-IdentityRiskData.ps1","/identityProtection/riskDetections","/identityProtection/riskDetections","POST","New-MgRiskDetection","v1.0","","Matched"
"Get-IdentityRiskData.ps1","/identityProtection/riskyUsers","/identityProtection/riskyUsers","GET","Get-MgBetaRiskyUser","beta","https://learn.microsoft.com/graph/api/riskyusers-get?view=graph-rest-beta","Matched"
"Get-IdentityRiskData.ps1","/identityProtection/riskyUsers","/identityProtection/riskyUsers","GET","Get-MgRiskyUser","v1.0","https://learn.microsoft.com/graph/api/riskyuser-list?view=graph-rest-1.0","Matched"
"Get-IdentityRiskData.ps1","/identityProtection/riskyUsers","/identityProtection/riskyUsers","POST","New-MgBetaRiskyUser","beta","","Matched"
"Get-IdentityRiskData.ps1","/identityProtection/riskyUsers","/identityProtection/riskyUsers","POST","New-MgRiskyUser","v1.0","","Matched"
"Get-LapsCoverage.ps1","/deviceManagement/deviceLocalCredentials","/deviceManagement/deviceLocalCredentials","","","","","NoMatch"
"Get-LapsCoverage.ps1","/deviceManagement/managedDevices","/deviceManagement/managedDevices","GET","Get-MgBetaDeviceManagementManagedDevice","beta","","Matched"
"Get-LapsCoverage.ps1","/deviceManagement/managedDevices","/deviceManagement/managedDevices","GET","Get-MgDeviceManagementManagedDevice","v1.0","","Matched"
"Get-LapsCoverage.ps1","/deviceManagement/managedDevices","/deviceManagement/managedDevices","POST","New-MgBetaDeviceManagementManagedDevice","beta","","Matched"
"Get-LapsCoverage.ps1","/deviceManagement/managedDevices","/deviceManagement/managedDevices","POST","New-MgDeviceManagementManagedDevice","v1.0","https://learn.microsoft.com/graph/api/intune-devices-manageddevice-create?view=graph-rest-1.0","Matched"
"Get-MFAData.ps1","/reports/authenticationMethods/userRegistrationDetails","/reports/authenticationMethods/userRegistrationDetails","GET","Get-MgBetaReportAuthenticationMethodUserRegistrationDetail","beta","https://learn.microsoft.com/graph/api/authenticationmethodsroot-list-userregistrationdetails?view=graph-rest-beta","Matched"
"Get-MFAData.ps1","/reports/authenticationMethods/userRegistrationDetails","/reports/authenticationMethods/userRegistrationDetails","GET","Get-MgReportAuthenticationMethodUserRegistrationDetail","v1.0","https://learn.microsoft.com/graph/api/authenticationmethodsroot-list-userregistrationdetails?view=graph-rest-1.0","Matched"
"Get-MFAData.ps1","/reports/authenticationMethods/userRegistrationDetails","/reports/authenticationMethods/userRegistrationDetails","POST","New-MgBetaReportAuthenticationMethodUserRegistrationDetail","beta","","Matched"
"Get-MFAData.ps1","/reports/authenticationMethods/userRegistrationDetails","/reports/authenticationMethods/userRegistrationDetails","POST","New-MgReportAuthenticationMethodUserRegistrationDetail","v1.0","","Matched"
"Get-OAuthConsentGrants.ps1","/oauth2PermissionGrants","/oauth2PermissionGrants","","","","","NoMatch"
"Get-OAuthConsentGrants.ps1","/servicePrincipals","/servicePrincipals","GET","Get-MgBetaServicePrincipal","beta","https://learn.microsoft.com/graph/api/serviceprincipal-list?view=graph-rest-beta","Matched"
"Get-OAuthConsentGrants.ps1","/servicePrincipals","/servicePrincipals","GET","Get-MgServicePrincipal","v1.0","https://learn.microsoft.com/graph/api/serviceprincipal-list?view=graph-rest-1.0","Matched"
"Get-OAuthConsentGrants.ps1","/servicePrincipals","/servicePrincipals","POST","New-MgBetaServicePrincipal","beta","https://learn.microsoft.com/graph/api/serviceprincipal-post-serviceprincipals?view=graph-rest-beta","Matched"
"Get-OAuthConsentGrants.ps1","/servicePrincipals","/servicePrincipals","POST","New-MgServicePrincipal","v1.0","https://learn.microsoft.com/graph/api/serviceprincipal-post-serviceprincipals?view=graph-rest-1.0","Matched"
"Get-OAuthConsentGrants.ps1","/users/$principalId","/users/{id}","DELETE","Remove-MgBetaUser","beta","https://learn.microsoft.com/graph/api/user-delete?view=graph-rest-beta","Matched"
"Get-OAuthConsentGrants.ps1","/users/$principalId","/users/{id}","DELETE","Remove-MgUser","v1.0","https://learn.microsoft.com/graph/api/user-delete?view=graph-rest-1.0","Matched"
"Get-OAuthConsentGrants.ps1","/users/$principalId","/users/{id}","GET","Get-MgBetaUser","beta","https://learn.microsoft.com/graph/api/user-get?view=graph-rest-beta","Matched"
"Get-OAuthConsentGrants.ps1","/users/$principalId","/users/{id}","GET","Get-MgUser","v1.0","https://learn.microsoft.com/graph/api/user-get?view=graph-rest-1.0","Matched"
"Get-OAuthConsentGrants.ps1","/users/$principalId","/users/{id}","PATCH","Update-MgBetaUser","beta","https://learn.microsoft.com/graph/api/user-update?view=graph-rest-beta","Matched"
"Get-OAuthConsentGrants.ps1","/users/$principalId","/users/{id}","PATCH","Update-MgUser","v1.0","https://learn.microsoft.com/graph/api/user-update?view=graph-rest-1.0","Matched"
"Get-RetentionData.ps1","/security/labels/retentionLabels","/security/labels/retentionLabels","GET","Get-MgBetaSecurityLabelRetentionLabel","beta","https://learn.microsoft.com/graph/api/security-labelsroot-list-retentionlabel?view=graph-rest-beta","Matched"
"Get-RetentionData.ps1","/security/labels/retentionLabels","/security/labels/retentionLabels","GET","Get-MgSecurityLabelRetentionLabel","v1.0","https://learn.microsoft.com/graph/api/security-labelsroot-list-retentionlabel?view=graph-rest-1.0","Matched"
"Get-RetentionData.ps1","/security/labels/retentionLabels","/security/labels/retentionLabels","POST","New-MgBetaSecurityLabelRetentionLabel","beta","https://learn.microsoft.com/graph/api/security-labelsroot-post-retentionlabel?view=graph-rest-beta","Matched"
"Get-RetentionData.ps1","/security/labels/retentionLabels","/security/labels/retentionLabels","POST","New-MgSecurityLabelRetentionLabel","v1.0","https://learn.microsoft.com/graph/api/security-labelsroot-post-retentionlabel?view=graph-rest-1.0","Matched"
"Get-RetentionData.ps1","/security/triggerTypes/retentionEventTypes","/security/triggerTypes/retentionEventTypes","GET","Get-MgBetaSecurityTriggerTypeRetentionEventType","beta","https://learn.microsoft.com/graph/api/security-retentioneventtype-list?view=graph-rest-beta","Matched"
"Get-RetentionData.ps1","/security/triggerTypes/retentionEventTypes","/security/triggerTypes/retentionEventTypes","GET","Get-MgSecurityTriggerTypeRetentionEventType","v1.0","https://learn.microsoft.com/graph/api/security-retentioneventtype-list?view=graph-rest-1.0","Matched"
"Get-RetentionData.ps1","/security/triggerTypes/retentionEventTypes","/security/triggerTypes/retentionEventTypes","POST","New-MgBetaSecurityTriggerTypeRetentionEventType","beta","https://learn.microsoft.com/graph/api/security-retentioneventtype-post?view=graph-rest-beta","Matched"
"Get-RetentionData.ps1","/security/triggerTypes/retentionEventTypes","/security/triggerTypes/retentionEventTypes","POST","New-MgSecurityTriggerTypeRetentionEventType","v1.0","https://learn.microsoft.com/graph/api/security-retentioneventtype-post?view=graph-rest-1.0","Matched"
"Get-SecureScoreData.ps1","/security/secureScores","/security/secureScores","GET","Get-MgBetaSecuritySecureScore","beta","https://learn.microsoft.com/graph/api/security-list-securescores?view=graph-rest-beta","Matched"
"Get-SecureScoreData.ps1","/security/secureScores","/security/secureScores","GET","Get-MgSecuritySecureScore","v1.0","https://learn.microsoft.com/graph/api/security-list-securescores?view=graph-rest-1.0","Matched"
"Get-SecureScoreData.ps1","/security/secureScores","/security/secureScores","POST","New-MgBetaSecuritySecureScore","beta","","Matched"
"Get-SecureScoreData.ps1","/security/secureScores","/security/secureScores","POST","New-MgSecuritySecureScore","v1.0","","Matched"
"Get-SensitivityLabelsData.ps1","/security/informationProtection/sensitivityLabels","/security/informationProtection/sensitivityLabels","GET","Get-MgBetaSecurityInformationProtectionSensitivityLabel","beta","","Matched"
"Get-SensitivityLabelsData.ps1","/security/informationProtection/sensitivityLabels","/security/informationProtection/sensitivityLabels","POST","New-MgBetaSecurityInformationProtectionSensitivityLabel","beta","","Matched"
"Get-SensitivityLabelsData.ps1","/security/informationProtection/sensitivityLabels/$($parent.id)/sublabels","/security/informationProtection/sensitivityLabels/{id}/sublabels","","","","","NoMatch"
"Get-ServiceAnnouncementData.ps1","/admin/serviceAnnouncement/healthOverviews","/admin/serviceAnnouncement/healthOverviews","GET","Get-MgBetaServiceAnnouncementHealthOverview","beta","https://learn.microsoft.com/graph/api/serviceannouncement-list-healthoverviews?view=graph-rest-beta","Matched"
"Get-ServiceAnnouncementData.ps1","/admin/serviceAnnouncement/healthOverviews","/admin/serviceAnnouncement/healthOverviews","GET","Get-MgServiceAnnouncementHealthOverview","v1.0","https://learn.microsoft.com/graph/api/serviceannouncement-list-healthoverviews?view=graph-rest-1.0","Matched"
"Get-ServiceAnnouncementData.ps1","/admin/serviceAnnouncement/healthOverviews","/admin/serviceAnnouncement/healthOverviews","POST","New-MgBetaServiceAnnouncementHealthOverview","beta","","Matched"
"Get-ServiceAnnouncementData.ps1","/admin/serviceAnnouncement/healthOverviews","/admin/serviceAnnouncement/healthOverviews","POST","New-MgServiceAnnouncementHealthOverview","v1.0","","Matched"
"Get-ServiceAnnouncementData.ps1","/admin/serviceAnnouncement/messages","/admin/serviceAnnouncement/messages","GET","Get-MgBetaServiceAnnouncementMessage","beta","https://learn.microsoft.com/graph/api/serviceannouncement-list-messages?view=graph-rest-beta","Matched"
"Get-ServiceAnnouncementData.ps1","/admin/serviceAnnouncement/messages","/admin/serviceAnnouncement/messages","GET","Get-MgServiceAnnouncementMessage","v1.0","https://learn.microsoft.com/graph/api/serviceannouncement-list-messages?view=graph-rest-1.0","Matched"
"Get-ServiceAnnouncementData.ps1","/admin/serviceAnnouncement/messages","/admin/serviceAnnouncement/messages","POST","New-MgBetaServiceAnnouncementMessage","beta","","Matched"
"Get-ServiceAnnouncementData.ps1","/admin/serviceAnnouncement/messages","/admin/serviceAnnouncement/messages","POST","New-MgServiceAnnouncementMessage","v1.0","","Matched"
"Get-ServicePrincipalSecrets.ps1","/applications","/applications","GET","Get-MgApplication","v1.0","https://learn.microsoft.com/graph/api/application-list?view=graph-rest-1.0","Matched"
"Get-ServicePrincipalSecrets.ps1","/applications","/applications","GET","Get-MgBetaApplication","beta","https://learn.microsoft.com/graph/api/application-list?view=graph-rest-beta","Matched"
"Get-ServicePrincipalSecrets.ps1","/applications","/applications","POST","New-MgApplication","v1.0","https://learn.microsoft.com/graph/api/application-post-applications?view=graph-rest-1.0","Matched"
"Get-ServicePrincipalSecrets.ps1","/applications","/applications","POST","New-MgBetaApplication","beta","https://learn.microsoft.com/graph/api/application-post-applications?view=graph-rest-beta","Matched"
"Get-SharePointData.ps1","/reports/getSharePointSiteUsageDetail(period=","/reports/getSharePointSiteUsageDetail(period=","","","","","NoMatch"
"Get-SharePointData.ps1","/sites/getAllSites","/sites/getAllSites","GET","Get-MgAllSite","v1.0","https://learn.microsoft.com/graph/api/site-getallsites?view=graph-rest-1.0","Matched"
"Get-SharePointData.ps1","/sites/getAllSites","/sites/getAllSites","GET","Get-MgBetaAllSite","beta","https://learn.microsoft.com/graph/api/site-getallsites?view=graph-rest-beta","Matched"
"Get-SignInLogs.ps1","/auditLogs/signIns","/auditLogs/signIns","GET","Get-MgAuditLogSignIn","v1.0","https://learn.microsoft.com/graph/api/signin-list?view=graph-rest-1.0","Matched"
"Get-SignInLogs.ps1","/auditLogs/signIns","/auditLogs/signIns","GET","Get-MgBetaAuditLogSignIn","beta","https://learn.microsoft.com/graph/api/signin-list?view=graph-rest-beta","Matched"
"Get-TeamsData.ps1","/groups","/groups","GET","Get-MgBetaGroup","beta","https://learn.microsoft.com/graph/api/group-list?view=graph-rest-beta","Matched"
"Get-TeamsData.ps1","/groups","/groups","GET","Get-MgGroup","v1.0","https://learn.microsoft.com/graph/api/group-list?view=graph-rest-1.0","Matched"
"Get-TeamsData.ps1","/groups","/groups","POST","New-MgBetaGroup","beta","https://learn.microsoft.com/graph/api/group-upsert?view=graph-rest-beta","Matched"
"Get-TeamsData.ps1","/groups","/groups","POST","New-MgGroup","v1.0","https://learn.microsoft.com/graph/api/group-post-groups?view=graph-rest-1.0","Matched"
"Get-TeamsData.ps1","/groups/$groupId","/groups/{id}","DELETE","Remove-MgBetaGroup","beta","https://learn.microsoft.com/graph/api/group-delete?view=graph-rest-beta","Matched"
"Get-TeamsData.ps1","/groups/$groupId","/groups/{id}","DELETE","Remove-MgGroup","v1.0","https://learn.microsoft.com/graph/api/group-delete?view=graph-rest-1.0","Matched"
"Get-TeamsData.ps1","/groups/$groupId","/groups/{id}","GET","Get-MgBetaGroup","beta","https://learn.microsoft.com/graph/api/group-get?view=graph-rest-beta","Matched"
"Get-TeamsData.ps1","/groups/$groupId","/groups/{id}","GET","Get-MgGroup","v1.0","https://learn.microsoft.com/graph/api/group-get?view=graph-rest-1.0","Matched"
"Get-TeamsData.ps1","/groups/$groupId","/groups/{id}","PATCH","Update-MgBetaGroup","beta","https://learn.microsoft.com/graph/api/group-upsert?view=graph-rest-beta","Matched"
"Get-TeamsData.ps1","/groups/$groupId","/groups/{id}","PATCH","Update-MgGroup","v1.0","https://learn.microsoft.com/graph/api/group-upsert?view=graph-rest-1.0","Matched"
"Get-TeamsData.ps1","/groups/$groupId/members/","/groups/{id}/members/","GET","Get-MgBetaGroupMember","beta","https://learn.microsoft.com/graph/api/group-list-members?view=graph-rest-beta","Matched"
"Get-TeamsData.ps1","/groups/$groupId/members/","/groups/{id}/members/","GET","Get-MgGroupMember","v1.0","https://learn.microsoft.com/graph/api/group-list-members?view=graph-rest-1.0","Matched"
"Get-TeamsData.ps1","/groups/$GroupId/members/microsoft.graph.user","/groups/{id}/members/microsoft.graph.user","GET","Get-MgBetaGroupMemberAsUser","beta","https://learn.microsoft.com/graph/api/group-list-members?view=graph-rest-beta","Matched"
"Get-TeamsData.ps1","/groups/$GroupId/members/microsoft.graph.user","/groups/{id}/members/microsoft.graph.user","GET","Get-MgGroupMemberAsUser","v1.0","https://learn.microsoft.com/graph/api/group-list-members?view=graph-rest-1.0","Matched"
"Get-TeamsData.ps1","/groups/$GroupId/sites/root","/groups/{id}/sites/root","","","","","NoMatch"
"Get-TeamsData.ps1","/reports/getTeamsTeamActivityDetail(period=","/reports/getTeamsTeamActivityDetail(period=","","","","","NoMatch"
"Get-TeamsData.ps1","/teams/$TeamId/channels","/teams/{id}/channels","GET","Get-MgBetaTeamChannel","beta","https://learn.microsoft.com/graph/api/channel-list?view=graph-rest-beta","Matched"
"Get-TeamsData.ps1","/teams/$TeamId/channels","/teams/{id}/channels","GET","Get-MgTeamChannel","v1.0","https://learn.microsoft.com/graph/api/channel-list?view=graph-rest-1.0","Matched"
"Get-TeamsData.ps1","/teams/$TeamId/channels","/teams/{id}/channels","POST","New-MgBetaTeamChannel","beta","https://learn.microsoft.com/graph/api/channel-post?view=graph-rest-beta","Matched"
"Get-TeamsData.ps1","/teams/$TeamId/channels","/teams/{id}/channels","POST","New-MgTeamChannel","v1.0","https://learn.microsoft.com/graph/api/channel-post?view=graph-rest-1.0","Matched"
"Get-UserData.ps1","/deviceManagement/managedDevices","/deviceManagement/managedDevices","GET","Get-MgBetaDeviceManagementManagedDevice","beta","","Matched"
"Get-UserData.ps1","/deviceManagement/managedDevices","/deviceManagement/managedDevices","GET","Get-MgDeviceManagementManagedDevice","v1.0","","Matched"
"Get-UserData.ps1","/deviceManagement/managedDevices","/deviceManagement/managedDevices","POST","New-MgBetaDeviceManagementManagedDevice","beta","","Matched"
"Get-UserData.ps1","/deviceManagement/managedDevices","/deviceManagement/managedDevices","POST","New-MgDeviceManagementManagedDevice","v1.0","https://learn.microsoft.com/graph/api/intune-devices-manageddevice-create?view=graph-rest-1.0","Matched"
"Get-VulnerabilityData.ps1","/deviceManagement/securityBaselineStates","/deviceManagement/securityBaselineStates","","","","","NoMatch"
"Get-VulnerabilityData.ps1","/security/secureScores","/security/secureScores","GET","Get-MgBetaSecuritySecureScore","beta","https://learn.microsoft.com/graph/api/security-list-securescores?view=graph-rest-beta","Matched"
"Get-VulnerabilityData.ps1","/security/secureScores","/security/secureScores","GET","Get-MgSecuritySecureScore","v1.0","https://learn.microsoft.com/graph/api/security-list-securescores?view=graph-rest-1.0","Matched"
"Get-VulnerabilityData.ps1","/security/secureScores","/security/secureScores","POST","New-MgBetaSecuritySecureScore","beta","","Matched"
"Get-VulnerabilityData.ps1","/security/secureScores","/security/secureScores","POST","New-MgSecuritySecureScore","v1.0","","Matched"
"Get-VulnerabilityData.ps1","/security/vulnerabilities","/security/vulnerabilities","","","","","NoMatch"
"Get-WindowsUpdateStatus.ps1","/deviceManagement/deviceConfigurations","/deviceManagement/deviceConfigurations","GET","Get-MgBetaDeviceManagementDeviceConfiguration","beta","","Matched"
"Get-WindowsUpdateStatus.ps1","/deviceManagement/deviceConfigurations","/deviceManagement/deviceConfigurations","GET","Get-MgDeviceManagementDeviceConfiguration","v1.0","https://learn.microsoft.com/graph/api/intune-deviceconfig-windows10endpointprotectionconfiguration-list?view=graph-rest-1.0","Matched"
"Get-WindowsUpdateStatus.ps1","/deviceManagement/deviceConfigurations","/deviceManagement/deviceConfigurations","POST","New-MgBetaDeviceManagementDeviceConfiguration","beta","","Matched"
"Get-WindowsUpdateStatus.ps1","/deviceManagement/deviceConfigurations","/deviceManagement/deviceConfigurations","POST","New-MgDeviceManagementDeviceConfiguration","v1.0","https://learn.microsoft.com/graph/api/intune-deviceconfig-windows10enterprisemodernappmanagementconfiguration-create?view=graph-rest-1.0","Matched"
"Get-WindowsUpdateStatus.ps1","/deviceManagement/deviceConfigurations/$($ring.id)/assignments","/deviceManagement/deviceConfigurations/{id}/assignments","GET","Get-MgBetaDeviceManagementDeviceConfigurationAssignment","beta","","Matched"
"Get-WindowsUpdateStatus.ps1","/deviceManagement/deviceConfigurations/$($ring.id)/assignments","/deviceManagement/deviceConfigurations/{id}/assignments","GET","Get-MgDeviceManagementDeviceConfigurationAssignment","v1.0","https://learn.microsoft.com/graph/api/intune-deviceconfig-deviceconfigurationassignment-list?view=graph-rest-1.0","Matched"
"Get-WindowsUpdateStatus.ps1","/deviceManagement/deviceConfigurations/$($ring.id)/assignments","/deviceManagement/deviceConfigurations/{id}/assignments","POST","New-MgBetaDeviceManagementDeviceConfigurationAssignment","beta","","Matched"
"Get-WindowsUpdateStatus.ps1","/deviceManagement/deviceConfigurations/$($ring.id)/assignments","/deviceManagement/deviceConfigurations/{id}/assignments","POST","New-MgDeviceManagementDeviceConfigurationAssignment","v1.0","https://learn.microsoft.com/graph/api/intune-deviceconfig-deviceconfigurationassignment-create?view=graph-rest-1.0","Matched"
"Get-WindowsUpdateStatus.ps1","/deviceManagement/deviceConfigurations/$($ring.id)/deviceStatuses","/deviceManagement/deviceConfigurations/{id}/deviceStatuses","GET","Get-MgBetaDeviceManagementDeviceConfigurationDeviceStatus","beta","","Matched"
"Get-WindowsUpdateStatus.ps1","/deviceManagement/deviceConfigurations/$($ring.id)/deviceStatuses","/deviceManagement/deviceConfigurations/{id}/deviceStatuses","GET","Get-MgDeviceManagementDeviceConfigurationDeviceStatus","v1.0","https://learn.microsoft.com/graph/api/intune-deviceconfig-deviceconfigurationdevicestatus-list?view=graph-rest-1.0","Matched"
"Get-WindowsUpdateStatus.ps1","/deviceManagement/deviceConfigurations/$($ring.id)/deviceStatuses","/deviceManagement/deviceConfigurations/{id}/deviceStatuses","POST","New-MgBetaDeviceManagementDeviceConfigurationDeviceStatus","beta","","Matched"
"Get-WindowsUpdateStatus.ps1","/deviceManagement/deviceConfigurations/$($ring.id)/deviceStatuses","/deviceManagement/deviceConfigurations/{id}/deviceStatuses","POST","New-MgDeviceManagementDeviceConfigurationDeviceStatus","v1.0","https://learn.microsoft.com/graph/api/intune-deviceconfig-deviceconfigurationdevicestatus-create?view=graph-rest-1.0","Matched"
"Get-WindowsUpdateStatus.ps1","/deviceManagement/deviceConfigurations/$($ring.id)/deviceStatusOverview","/deviceManagement/deviceConfigurations/{id}/deviceStatusOverview","DELETE","Remove-MgBetaDeviceManagementDeviceConfigurationDeviceStatusOverview","beta","","Matched"
"Get-WindowsUpdateStatus.ps1","/deviceManagement/deviceConfigurations/$($ring.id)/deviceStatusOverview","/deviceManagement/deviceConfigurations/{id}/deviceStatusOverview","DELETE","Remove-MgDeviceManagementDeviceConfigurationDeviceStatusOverview","v1.0","","Matched"
"Get-WindowsUpdateStatus.ps1","/deviceManagement/deviceConfigurations/$($ring.id)/deviceStatusOverview","/deviceManagement/deviceConfigurations/{id}/deviceStatusOverview","GET","Get-MgBetaDeviceManagementDeviceConfigurationDeviceStatusOverview","beta","","Matched"
"Get-WindowsUpdateStatus.ps1","/deviceManagement/deviceConfigurations/$($ring.id)/deviceStatusOverview","/deviceManagement/deviceConfigurations/{id}/deviceStatusOverview","GET","Get-MgDeviceManagementDeviceConfigurationDeviceStatusOverview","v1.0","https://learn.microsoft.com/graph/api/intune-deviceconfig-deviceconfigurationdeviceoverview-get?view=graph-rest-1.0","Matched"
"Get-WindowsUpdateStatus.ps1","/deviceManagement/deviceConfigurations/$($ring.id)/deviceStatusOverview","/deviceManagement/deviceConfigurations/{id}/deviceStatusOverview","PATCH","Update-MgBetaDeviceManagementDeviceConfigurationDeviceStatusOverview","beta","","Matched"
"Get-WindowsUpdateStatus.ps1","/deviceManagement/deviceConfigurations/$($ring.id)/deviceStatusOverview","/deviceManagement/deviceConfigurations/{id}/deviceStatusOverview","PATCH","Update-MgDeviceManagementDeviceConfigurationDeviceStatusOverview","v1.0","https://learn.microsoft.com/graph/api/intune-deviceconfig-deviceconfigurationdeviceoverview-update?view=graph-rest-1.0","Matched"
"Get-WindowsUpdateStatus.ps1","/deviceManagement/managedDevices","/deviceManagement/managedDevices","GET","Get-MgBetaDeviceManagementManagedDevice","beta","","Matched"
"Get-WindowsUpdateStatus.ps1","/deviceManagement/managedDevices","/deviceManagement/managedDevices","GET","Get-MgDeviceManagementManagedDevice","v1.0","","Matched"
"Get-WindowsUpdateStatus.ps1","/deviceManagement/managedDevices","/deviceManagement/managedDevices","POST","New-MgBetaDeviceManagementManagedDevice","beta","","Matched"
"Get-WindowsUpdateStatus.ps1","/deviceManagement/managedDevices","/deviceManagement/managedDevices","POST","New-MgDeviceManagementManagedDevice","v1.0","https://learn.microsoft.com/graph/api/intune-devices-manageddevice-create?view=graph-rest-1.0","Matched"
"Get-WindowsUpdateStatus.ps1","/deviceManagement/windowsDriverUpdateProfiles","/deviceManagement/windowsDriverUpdateProfiles","","","","","NoMatch"
"Get-WindowsUpdateStatus.ps1","/deviceManagement/windowsDriverUpdateProfiles/$($profile.id)/deviceUpdateStates","/deviceManagement/windowsDriverUpdateProfiles/{id}/deviceUpdateStates","","","","","NoMatch"
"Get-WindowsUpdateStatus.ps1","/deviceManagement/windowsDriverUpdateProfiles/$($profile.id)/driverInventories","/deviceManagement/windowsDriverUpdateProfiles/{id}/driverInventories","","","","","NoMatch"
"Get-WindowsUpdateStatus.ps1","/deviceManagement/windowsFeatureUpdateProfiles","/deviceManagement/windowsFeatureUpdateProfiles","GET","Get-MgBetaDeviceManagementWindowsFeatureUpdateProfile","beta","","Matched"
"Get-WindowsUpdateStatus.ps1","/deviceManagement/windowsFeatureUpdateProfiles","/deviceManagement/windowsFeatureUpdateProfiles","POST","New-MgBetaDeviceManagementWindowsFeatureUpdateProfile","beta","","Matched"
"Get-WindowsUpdateStatus.ps1","/deviceManagement/windowsFeatureUpdateProfiles/$($policy.id)/assignments","/deviceManagement/windowsFeatureUpdateProfiles/{id}/assignments","GET","Get-MgBetaDeviceManagementWindowsFeatureUpdateProfileAssignment","beta","","Matched"
"Get-WindowsUpdateStatus.ps1","/deviceManagement/windowsFeatureUpdateProfiles/$($policy.id)/assignments","/deviceManagement/windowsFeatureUpdateProfiles/{id}/assignments","POST","New-MgBetaDeviceManagementWindowsFeatureUpdateProfileAssignment","beta","","Matched"
"Get-WindowsUpdateStatus.ps1","/deviceManagement/windowsQualityUpdateProfiles","/deviceManagement/windowsQualityUpdateProfiles","GET","Get-MgBetaDeviceManagementWindowsQualityUpdateProfile","beta","","Matched"
"Get-WindowsUpdateStatus.ps1","/deviceManagement/windowsQualityUpdateProfiles","/deviceManagement/windowsQualityUpdateProfiles","POST","New-MgBetaDeviceManagementWindowsQualityUpdateProfile","beta","","Matched"
"Get-WindowsUpdateStatus.ps1","/deviceManagement/windowsQualityUpdateProfiles/$($policy.id)/assignments","/deviceManagement/windowsQualityUpdateProfiles/{id}/assignments","GET","Get-MgBetaDeviceManagementWindowsQualityUpdateProfileAssignment","beta","","Matched"
"Get-WindowsUpdateStatus.ps1","/deviceManagement/windowsQualityUpdateProfiles/$($policy.id)/assignments","/deviceManagement/windowsQualityUpdateProfiles/{id}/assignments","POST","New-MgBetaDeviceManagementWindowsQualityUpdateProfileAssignment","beta","","Matched"
"Get-WindowsUpdateStatus.ps1","/deviceManagement/windowsQualityUpdateProfiles/$($policy.id)/deviceUpdateStates","/deviceManagement/windowsQualityUpdateProfiles/{id}/deviceUpdateStates","","","","","NoMatch"
